bq8000 = bq8000 <bq8000@domain.tld>
chripellsf = chripellsf <chripellsf@domain.tld>
daggerstab = daggerstab <daggerstab@domain.tld>
fcasarra = fcasarra <fcasarra@domain.tld>
geehalel = geehalel <geehalel@domain.tld>
ghaushe = ghaushe <ghaushe@domain.tld>
jochym = Paweł T. Jochym <pawel.jochym@ifj.edu.pl>
nacho01 = nacho01 <nacho01@domain.tld>
polakovic = Peter Polakovic <peter.polakovic@gmail.com>
qhyccd-lzr = qhyccd-lzr <lzr@qhyccd.com>
rbroberts = rbroberts <rbroberts@domain.tld>
rogerjames99 = rogerjames99 <rogerjames99@domain.tld>
slehti = slehti <slehti@domain.tld>
slovin = Jasem Mutlaq <mutlaqja@ikarustech.com>
swski = Jakub Smutný <linux@gxccd.com>
wildi_markus = Markus Wildi <wildi.markus@bluewin.ch>
wrtguy = wrtguy <wrtguy@domain.tld>
